{
	"__": {
		"stream": {
			"$id": "ce_drupalDSLocationFAQs",
			"destination": "pages",
			"fields": [
				"id",
				"uid",
				"meta",
				"slug",
				"c_relatedFAQs.name",
				"c_relatedFAQs.slug",
				"c_relatedFAQs.description"
			],
			"filter": {
				"entityTypes": [
					"location"
				],
				"savedFilterIds": [
					"946153154"
				]
			},
			"localization": {
				"locales": [
					"en"
				]
			},
			"source": "knowledgeGraph"
		},
		"urlFormat": "faq-{{slug}}"
	},
	"_repo": {
		"accountId": "",
		"copyrigth": "© 2021",
		"googleApiKey": "",
		"liveApiKey": "b262ae7768eec3bfa53bfca6d48e4000",
		"name": "drupal-yext-marketing"
	},
	"businessId": 0,
	"c_relatedFAQs": [
		{
			"description": "No only 6 locations are available.",
			"name": "Are there any other physical location?",
			"slug": "are-there-any-other-physical-location"
		},
		{
			"description": "No recently there is no special hours.",
			"name": "Is there any specific hours?",
			"slug": "is-there-any-specific-hours"
		},
		{
			"description": "Please go through the contact page.",
			"name": "What are opening time?",
			"slug": "what-are-opening-time"
		},
		{
			"description": "You can visit any time during working hours.",
			"name": "What is the best time to visit?",
			"slug": "what-is-the-best-time-to-visit"
		},
		{
			"description": "Please visit contact page.",
			"name": "What is the closing hours?",
			"slug": "what-is-the-closing-hours"
		}
	],
	"global": {
		"accountId": "",
		"copyrigth": "© 2021",
		"googleApiKey": "",
		"liveApiKey": "b262ae7768eec3bfa53bfca6d48e4000",
		"name": "drupal-yext-marketing"
	},
	"id": "dotsquares-usa",
	"key": "0:faq.hbs:knowledgeGraph:21594948:en",
	"locale": "en",
	"meta": {
		"entityType": {
			"id": "location",
			"uid": 0
		},
		"locale": "en",
		"updateTimestamp": "2022-05-23T09:35:18Z"
	},
	"siteId": 0,
	"slug": "dotsquares-usa",
	"uid": 21594948
}