{
	"__": {
		"urlFormat": "index.html"
	},
	"_repo": {
		"accountId": "",
		"copyrigth": "© 2021",
		"googleApiKey": "",
		"liveApiKey": "b262ae7768eec3bfa53bfca6d48e4000",
		"name": "drupal-yext-marketing"
	},
	"businessId": 0,
	"global": {
		"accountId": "",
		"copyrigth": "© 2021",
		"googleApiKey": "",
		"liveApiKey": "b262ae7768eec3bfa53bfca6d48e4000",
		"name": "drupal-yext-marketing"
	},
	"key": "0:cog-internal-feature-static-file-generation-locator-page.hbs:knowledgeGraph:0:en",
	"locale": "en",
	"meta": {
		"locale": "en"
	},
	"siteId": 0
}