{
	"__": {
		"stream": {
			"$id": "detailed-location3",
			"destination": "pages",
			"fields": [
				"id",
				"uid",
				"meta",
				"name",
				"address",
				"slug",
				"mainPhone",
				"c_relatedFAQs.name",
				"c_relatedFAQs.slug",
				"c_relatedFAQs.description",
				"description",
				"hours",
				"photoGallery",
				"geocodedCoordinate",
				"c_paymentMenthod",
				"yextDisplayCoordinate",
				"services"
			],
			"filter": {
				"entityTypes": [
					"location"
				],
				"savedFilterIds": [
					"946153154"
				]
			},
			"localization": {
				"locales": [
					"en"
				]
			},
			"source": "knowledgeGraph"
		},
		"urlFormat": "{{slug}}"
	},
	"_repo": {
		"accountId": "",
		"copyrigth": "© 2021",
		"googleApiKey": "",
		"liveApiKey": "b262ae7768eec3bfa53bfca6d48e4000",
		"name": "drupal-yext-marketing"
	},
	"address": {
		"city": "Bethesda",
		"countryCode": "US",
		"line1": "Democracy One Plaza",
		"line2": "6701 Democracy Blvd",
		"postalCode": "20817",
		"region": "MD"
	},
	"businessId": 0,
	"c_relatedFAQs": [
		{
			"description": "No only 6 locations are available.",
			"name": "Are there any other physical location?",
			"slug": "are-there-any-other-physical-location"
		},
		{
			"description": "No recently there is no special hours.",
			"name": "Is there any specific hours?",
			"slug": "is-there-any-specific-hours"
		},
		{
			"description": "Please go through the contact page.",
			"name": "What are opening time?",
			"slug": "what-are-opening-time"
		},
		{
			"description": "You can visit any time during working hours.",
			"name": "What is the best time to visit?",
			"slug": "what-is-the-best-time-to-visit"
		},
		{
			"description": "Please visit contact page.",
			"name": "What is the closing hours?",
			"slug": "what-is-the-closing-hours"
		}
	],
	"geocodedCoordinate": {
		"latitude": 39.02244,
		"longitude": -77.136822
	},
	"global": {
		"accountId": "",
		"copyrigth": "© 2021",
		"googleApiKey": "",
		"liveApiKey": "b262ae7768eec3bfa53bfca6d48e4000",
		"name": "drupal-yext-marketing"
	},
	"hours": {
		"friday": {
			"isClosed": false,
			"openIntervals": [
				{
					"end": "23:59",
					"start": "00:00"
				}
			]
		},
		"monday": {
			"isClosed": false,
			"openIntervals": [
				{
					"end": "23:59",
					"start": "00:00"
				}
			]
		},
		"saturday": {
			"isClosed": true
		},
		"sunday": {
			"isClosed": true
		},
		"thursday": {
			"isClosed": false,
			"openIntervals": [
				{
					"end": "23:59",
					"start": "00:00"
				}
			]
		},
		"tuesday": {
			"isClosed": false,
			"openIntervals": [
				{
					"end": "23:59",
					"start": "00:00"
				}
			]
		},
		"wednesday": {
			"isClosed": false,
			"openIntervals": [
				{
					"end": "23:59",
					"start": "00:00"
				}
			]
		}
	},
	"id": "dotsquares-usa",
	"key": "0:locations.hbs:knowledgeGraph:21594948:en",
	"locale": "en",
	"mainPhone": "+13015639488",
	"meta": {
		"entityType": {
			"id": "location",
			"uid": 0
		},
		"locale": "en",
		"updateTimestamp": "2022-05-23T09:35:18Z"
	},
	"name": "Dots USA",
	"photoGallery": [
		{
			"image": {
				"height": 216,
				"thumbnails": [
					{
						"height": 216,
						"url": "https://a.mktgcdn.com/p-sandbox/W2OIHaAjxf-1IgZ8o3ru4V0-hOSiaeCif4T0uML-Ldk/216x216.png",
						"width": 216
					},
					{
						"height": 196,
						"url": "https://a.mktgcdn.com/p-sandbox/W2OIHaAjxf-1IgZ8o3ru4V0-hOSiaeCif4T0uML-Ldk/196x196.png",
						"width": 196
					}
				],
				"url": "https://a.mktgcdn.com/p-sandbox/W2OIHaAjxf-1IgZ8o3ru4V0-hOSiaeCif4T0uML-Ldk/216x216.png",
				"width": 216
			}
		}
	],
	"siteId": 0,
	"slug": "dotsquares-usa",
	"uid": 21594948,
	"yextDisplayCoordinate": {
		"latitude": 39.02244,
		"longitude": -77.136822
	}
}