{
	"__": {
		"stream": {
			"$id": "detailed-location3",
			"destination": "pages",
			"fields": [
				"id",
				"uid",
				"meta",
				"name",
				"address",
				"slug",
				"mainPhone",
				"c_relatedFAQs.name",
				"c_relatedFAQs.slug",
				"c_relatedFAQs.description",
				"description",
				"hours",
				"photoGallery",
				"geocodedCoordinate",
				"c_paymentMenthod",
				"yextDisplayCoordinate",
				"services"
			],
			"filter": {
				"entityTypes": [
					"location"
				],
				"savedFilterIds": [
					"946153154"
				]
			},
			"localization": {
				"locales": [
					"en"
				]
			},
			"source": "knowledgeGraph"
		},
		"urlFormat": "{{slug}}"
	},
	"_repo": {
		"accountId": "",
		"copyrigth": "© 2021",
		"googleApiKey": "",
		"liveApiKey": "b262ae7768eec3bfa53bfca6d48e4000",
		"name": "drupal-yext-marketing"
	},
	"address": {
		"city": "Jaipur",
		"countryCode": "IN",
		"line1": "J3, Jhalana Institutional Area",
		"line2": "Jhalana Dungri",
		"postalCode": "302004",
		"region": "Rajasthan"
	},
	"businessId": 0,
	"c_relatedFAQs": [
		{
			"description": "No only 6 locations are available.",
			"name": "Are there any other physical location?",
			"slug": "are-there-any-other-physical-location"
		},
		{
			"description": "No recently there is no special hours.",
			"name": "Is there any specific hours?",
			"slug": "is-there-any-specific-hours"
		}
	],
	"global": {
		"accountId": "",
		"copyrigth": "© 2021",
		"googleApiKey": "",
		"liveApiKey": "b262ae7768eec3bfa53bfca6d48e4000",
		"name": "drupal-yext-marketing"
	},
	"hours": {
		"friday": {
			"isClosed": false,
			"openIntervals": [
				{
					"end": "19:30",
					"start": "10:00"
				}
			]
		},
		"monday": {
			"isClosed": false,
			"openIntervals": [
				{
					"end": "19:30",
					"start": "10:00"
				}
			]
		},
		"saturday": {
			"isClosed": false,
			"openIntervals": [
				{
					"end": "19:30",
					"start": "10:00"
				}
			]
		},
		"sunday": {
			"isClosed": true
		},
		"thursday": {
			"isClosed": false,
			"openIntervals": [
				{
					"end": "19:30",
					"start": "10:00"
				}
			]
		},
		"tuesday": {
			"isClosed": false,
			"openIntervals": [
				{
					"end": "19:30",
					"start": "10:00"
				}
			]
		},
		"wednesday": {
			"isClosed": false,
			"openIntervals": [
				{
					"end": "19:30",
					"start": "10:00"
				}
			]
		}
	},
	"id": "dotquares-jhalana",
	"key": "0:locations.hbs:knowledgeGraph:21594541:en",
	"locale": "en",
	"mainPhone": "+919799932555",
	"meta": {
		"entityType": {
			"id": "location",
			"uid": 0
		},
		"locale": "en",
		"updateTimestamp": "2022-05-24T10:45:19Z"
	},
	"name": "Dotsquares Technologies India Pvt. Ltd.",
	"photoGallery": [
		{
			"image": {
				"height": 250,
				"thumbnails": [
					{
						"height": 250,
						"url": "https://a.mktgcdn.com/p-sandbox/H9UcZpe9GQaO-AWJbIu0mnktKc3tlBMXmM7nsOn6xaw/250x250.jpg",
						"width": 250
					},
					{
						"height": 196,
						"url": "https://a.mktgcdn.com/p-sandbox/H9UcZpe9GQaO-AWJbIu0mnktKc3tlBMXmM7nsOn6xaw/196x196.jpg",
						"width": 196
					}
				],
				"url": "https://a.mktgcdn.com/p-sandbox/H9UcZpe9GQaO-AWJbIu0mnktKc3tlBMXmM7nsOn6xaw/250x250.jpg",
				"width": 250
			}
		}
	],
	"siteId": 0,
	"slug": "dotquares-jhalana",
	"uid": 21594541,
	"yextDisplayCoordinate": {
		"latitude": 26.8734224,
		"longitude": 75.8170786
	}
}