{
	"__": {
		"stream": {
			"$id": "detailed-location3",
			"destination": "pages",
			"fields": [
				"id",
				"uid",
				"meta",
				"name",
				"address",
				"slug",
				"mainPhone",
				"c_relatedFAQs.name",
				"c_relatedFAQs.slug",
				"c_relatedFAQs.description",
				"description",
				"hours",
				"photoGallery",
				"geocodedCoordinate",
				"c_paymentMenthod",
				"yextDisplayCoordinate",
				"services"
			],
			"filter": {
				"entityTypes": [
					"location"
				],
				"savedFilterIds": [
					"946153154"
				]
			},
			"localization": {
				"locales": [
					"en"
				]
			},
			"source": "knowledgeGraph"
		},
		"urlFormat": "{{slug}}"
	},
	"_repo": {
		"accountId": "",
		"copyrigth": "© 2021",
		"googleApiKey": "",
		"liveApiKey": "b262ae7768eec3bfa53bfca6d48e4000",
		"name": "drupal-yext-marketing"
	},
	"address": {
		"city": "Jaipur",
		"countryCode": "IN",
		"line1": "4-RA-5, janupyogi lane,",
		"line2": "Jawahar Nagar",
		"postalCode": "302004",
		"region": "Rajasthan"
	},
	"businessId": 0,
	"c_relatedFAQs": [
		{
			"description": "No only 6 locations are available.",
			"name": "Are there any other physical location?",
			"slug": "are-there-any-other-physical-location"
		},
		{
			"description": "No recently there is no special hours.",
			"name": "Is there any specific hours?",
			"slug": "is-there-any-specific-hours"
		},
		{
			"description": "Please go through the contact page.",
			"name": "What are opening time?",
			"slug": "what-are-opening-time"
		},
		{
			"description": "You can visit any time during working hours.",
			"name": "What is the best time to visit?",
			"slug": "what-is-the-best-time-to-visit"
		},
		{
			"description": "Please visit contact page.",
			"name": "What is the closing hours?",
			"slug": "what-is-the-closing-hours"
		}
	],
	"global": {
		"accountId": "",
		"copyrigth": "© 2021",
		"googleApiKey": "",
		"liveApiKey": "b262ae7768eec3bfa53bfca6d48e4000",
		"name": "drupal-yext-marketing"
	},
	"hours": {
		"friday": {
			"isClosed": false,
			"openIntervals": [
				{
					"end": "19:30",
					"start": "10:00"
				}
			]
		},
		"monday": {
			"isClosed": false,
			"openIntervals": [
				{
					"end": "19:30",
					"start": "10:00"
				}
			]
		},
		"saturday": {
			"isClosed": false,
			"openIntervals": [
				{
					"end": "19:30",
					"start": "10:00"
				}
			]
		},
		"sunday": {
			"isClosed": true
		},
		"thursday": {
			"isClosed": false,
			"openIntervals": [
				{
					"end": "19:30",
					"start": "10:00"
				}
			]
		},
		"tuesday": {
			"isClosed": false,
			"openIntervals": [
				{
					"end": "19:30",
					"start": "10:00"
				}
			]
		},
		"wednesday": {
			"isClosed": false,
			"openIntervals": [
				{
					"end": "19:30",
					"start": "10:00"
				}
			]
		}
	},
	"id": "6215847366489868560",
	"key": "0:locations.hbs:knowledgeGraph:21594314:en",
	"locale": "en",
	"mainPhone": "+911412651369",
	"meta": {
		"entityType": {
			"id": "location",
			"uid": 0
		},
		"locale": "en",
		"updateTimestamp": "2022-05-23T09:39:34Z"
	},
	"name": "Dotsquares Technologies India Pvt. Ltd.",
	"photoGallery": [
		{
			"image": {
				"height": 218,
				"thumbnails": [
					{
						"height": 218,
						"url": "https://a.mktgcdn.com/p-sandbox/TDS2egpeanfdKA_CDHyMPCIS_voSLsVtwO4ScNzkLW0/600x218.jpg",
						"width": 600
					},
					{
						"height": 71,
						"url": "https://a.mktgcdn.com/p-sandbox/TDS2egpeanfdKA_CDHyMPCIS_voSLsVtwO4ScNzkLW0/196x71.jpg",
						"width": 196
					}
				],
				"url": "https://a.mktgcdn.com/p-sandbox/TDS2egpeanfdKA_CDHyMPCIS_voSLsVtwO4ScNzkLW0/600x218.jpg",
				"width": 600
			}
		}
	],
	"siteId": 0,
	"slug": "dotsquares-monilek",
	"uid": 21594314,
	"yextDisplayCoordinate": {
		"latitude": 26.8881979,
		"longitude": 75.8300884
	}
}