{
	"__": {
		"stream": {
			"$id": "detailed-location3",
			"destination": "pages",
			"fields": [
				"id",
				"uid",
				"meta",
				"name",
				"address",
				"slug",
				"mainPhone",
				"c_relatedFAQs.name",
				"c_relatedFAQs.slug",
				"c_relatedFAQs.description",
				"description",
				"hours",
				"photoGallery",
				"geocodedCoordinate",
				"c_paymentMenthod",
				"yextDisplayCoordinate",
				"services"
			],
			"filter": {
				"entityTypes": [
					"location"
				],
				"savedFilterIds": [
					"946153154"
				]
			},
			"localization": {
				"locales": [
					"en"
				]
			},
			"source": "knowledgeGraph"
		},
		"urlFormat": "{{slug}}"
	},
	"_repo": {
		"accountId": "",
		"copyrigth": "© 2021",
		"googleApiKey": "",
		"liveApiKey": "b262ae7768eec3bfa53bfca6d48e4000",
		"name": "drupal-yext-marketing"
	},
	"address": {
		"city": "Mount Waverley",
		"countryCode": "AU",
		"line1": "11/475 Blackburn Rd,",
		"postalCode": "3149",
		"region": "VIC"
	},
	"businessId": 0,
	"c_relatedFAQs": [
		{
			"description": "No only 6 locations are available.",
			"name": "Are there any other physical location?",
			"slug": "are-there-any-other-physical-location"
		},
		{
			"description": "No recently there is no special hours.",
			"name": "Is there any specific hours?",
			"slug": "is-there-any-specific-hours"
		},
		{
			"description": "Please go through the contact page.",
			"name": "What are opening time?",
			"slug": "what-are-opening-time"
		},
		{
			"description": "You can visit any time during working hours.",
			"name": "What is the best time to visit?",
			"slug": "what-is-the-best-time-to-visit"
		},
		{
			"description": "Please visit contact page.",
			"name": "What is the closing hours?",
			"slug": "what-is-the-closing-hours"
		}
	],
	"geocodedCoordinate": {
		"latitude": -37.8953321,
		"longitude": 145.1431416
	},
	"global": {
		"accountId": "",
		"copyrigth": "© 2021",
		"googleApiKey": "",
		"liveApiKey": "b262ae7768eec3bfa53bfca6d48e4000",
		"name": "drupal-yext-marketing"
	},
	"hours": {
		"friday": {
			"isClosed": false,
			"openIntervals": [
				{
					"end": "21:00",
					"start": "10:00"
				}
			]
		},
		"monday": {
			"isClosed": false,
			"openIntervals": [
				{
					"end": "21:00",
					"start": "10:00"
				}
			]
		},
		"saturday": {
			"isClosed": false,
			"openIntervals": [
				{
					"end": "21:00",
					"start": "10:00"
				}
			]
		},
		"sunday": {
			"isClosed": false,
			"openIntervals": [
				{
					"end": "21:00",
					"start": "10:00"
				}
			]
		},
		"thursday": {
			"isClosed": false,
			"openIntervals": [
				{
					"end": "21:00",
					"start": "10:00"
				}
			]
		},
		"tuesday": {
			"isClosed": false,
			"openIntervals": [
				{
					"end": "21:00",
					"start": "10:00"
				}
			]
		},
		"wednesday": {
			"isClosed": false,
			"openIntervals": [
				{
					"end": "21:00",
					"start": "10:00"
				}
			]
		}
	},
	"id": "dotsquares-australia",
	"key": "0:locations.hbs:knowledgeGraph:21596546:en",
	"locale": "en",
	"mainPhone": "+61425672323",
	"meta": {
		"entityType": {
			"id": "location",
			"uid": 0
		},
		"locale": "en",
		"updateTimestamp": "2022-05-23T09:39:43Z"
	},
	"name": "Dotsquares Pty. Ltd. | Team In India",
	"photoGallery": [
		{
			"image": {
				"height": 1200,
				"thumbnails": [
					{
						"height": 1200,
						"url": "https://a.mktgcdn.com/p-sandbox/_aQEy_uqkhABosrLtFUsUyXS34ZMU1LklSPFiPSHLSo/1600x1200.jpg",
						"width": 1600
					},
					{
						"height": 464,
						"url": "https://a.mktgcdn.com/p-sandbox/_aQEy_uqkhABosrLtFUsUyXS34ZMU1LklSPFiPSHLSo/619x464.jpg",
						"width": 619
					},
					{
						"height": 450,
						"url": "https://a.mktgcdn.com/p-sandbox/_aQEy_uqkhABosrLtFUsUyXS34ZMU1LklSPFiPSHLSo/600x450.jpg",
						"width": 600
					},
					{
						"height": 147,
						"url": "https://a.mktgcdn.com/p-sandbox/_aQEy_uqkhABosrLtFUsUyXS34ZMU1LklSPFiPSHLSo/196x147.jpg",
						"width": 196
					}
				],
				"url": "https://a.mktgcdn.com/p-sandbox/_aQEy_uqkhABosrLtFUsUyXS34ZMU1LklSPFiPSHLSo/1600x1200.jpg",
				"width": 1600
			}
		}
	],
	"siteId": 0,
	"slug": "dotsquares-australia",
	"uid": 21596546,
	"yextDisplayCoordinate": {
		"latitude": -37.8953321,
		"longitude": 145.1431416
	}
}